,Player_Name,Wickets_per_match,Percent_dot_balls,No_of_6,No_of_4,Bowling_skill,Country_Name,Runs_Conceded,ball,extra_runs,Matches_bowled,Economy_Rate
0,A Choudhary,1.0,0.4537037037037037,1.2,2.6,Left-arm medium,India,137,108,1.4,5,8.0
1,STR Binny,0.46551724137931033,0.3609154929577465,0.2413793103448276,1.2586206896551724,Right-arm medium,India,700,568,0.3620689655172414,58,7.616197183098591
2,YS Chahal,1.2173913043478262,0.37116764514024786,1.4057971014492754,1.6666666666666667,Legbreak googly,India,1906,1533,1.391304347826087,69,7.835616438356165
3,TS Mills,1.0,0.44144144144144143,1.2,3.0,Left-arm fast,England,144,111,2.6,5,8.486486486486486
4,Rashid Khan,1.3225806451612903,0.39918809201623817,1.032258064516129,1.935483870967742,Legbreak googly,Afghanistan,818,739,0.8709677419354839,31,6.860622462787552
5,DJ Hooda,0.3333333333333333,0.3090909090909091,0.6111111111111112,1.1666666666666667,Right-arm offbreak,India,283,220,0.7777777777777778,18,8.100000000000001
6,MC Henriques,0.7636363636363637,0.33877995642701525,0.6727272727272727,2.1818181818181817,Right-arm fast-medium,Australia,1212,918,0.7818181818181819,55,8.202614379084968
7,Bipul Sharma,0.7857142857142857,0.34174311926605505,1.1071428571428572,1.0,Slow left-arm orthodox,India,557,436,0.8571428571428571,28,7.9954128440366965
8,B Kumar,1.2450980392156863,0.4623931623931624,0.696078431372549,2.6862745098039214,Right-arm medium,India,2601,2340,1.7450980392156863,102,7.125641025641025
9,A Nehra,1.375,0.44984802431610943,0.8636363636363636,3.1704545454545454,Left-arm medium-fast,India,2422,1974,1.3068181818181819,88,7.711246200607903
10,BCJ Cutting,0.6875,0.286231884057971,0.875,2.5,Right-arm fast-medium,Australia,399,276,0.5,16,8.847826086956523
11,Imran Tahir,1.4736842105263157,0.3302325581395349,1.631578947368421,1.763157894736842,Legbreak googly,India,1155,860,1.236842105263158,38,8.386046511627907
12,R Bhatia,0.9010989010989011,0.2950030102347983,0.7472527472527473,1.3186813186813187,Right-arm medium-fast,India,1986,1661,0.8021978021978022,91,7.437688139674895
13,A Zampa,1.7272727272727273,0.3422222222222222,1.2727272727272727,1.0909090909090908,Legbreak googly,Australia,270,225,1.0,11,7.493333333333334
14,BA Stokes,0.9583333333333334,0.3932806324110672,0.625,2.7083333333333335,Right-arm fast-medium,England,612,506,1.5,24,7.683794466403162
15,AB Dinda,1.0933333333333333,0.44745122718691,0.7733333333333333,3.0933333333333333,Right-arm medium-fast,India,1987,1589,1.5466666666666666,75,7.940843297671492
16,MJ McClenaghan,1.411764705882353,0.43344155844155846,1.2745098039215685,3.3333333333333335,Left-arm fast-medium,New Zealand,1613,1232,2.0784313725490198,51,8.371753246753247
17,TG Southee,0.8918918918918919,0.4061784897025172,1.027027027027027,3.1621621621621623,Right-arm medium-fast,New Zealand,1146,874,1.5675675675675675,37,8.265446224256292
18,HH Pandya,0.6590909090909091,0.34728682170542635,0.7954545454545454,2.022727272727273,Right-arm medium-fast,India,916,645,1.1590909090909092,44,8.995348837209303
19,PP Chawla,1.020979020979021,0.37093425605536334,1.048951048951049,1.9090909090909092,Legbreak,India,3617,2890,0.8741258741258742,143,7.76885813148789
20,Kuldeep Yadav,1.2333333333333334,0.31761006289308175,1.6,1.4,Slow left-arm chinaman,India,852,636,1.0333333333333334,30,8.330188679245282
21,TA Boult,1.2857142857142858,0.40175953079178883,1.0357142857142858,4.071428571428571,Left-arm fast-medium,New Zealand,946,682,1.8571428571428572,28,8.780058651026394
22,Sandeep Sharma,1.3235294117647058,0.463130659767141,1.0,2.9411764705882355,Right-arm medium,India,1873,1546,1.3823529411764706,68,7.633893919793015
23,T Natarajan,0.3333333333333333,0.3780487804878049,0.8333333333333334,1.5,Left-arm medium,India,109,82,1.1666666666666667,6,8.487804878048781
24,MP Stoinis,0.7777777777777778,0.28,0.8333333333333334,2.388888888888889,Right-arm medium,Australia,416,275,1.1111111111111112,18,9.512727272727272
25,Swapnil Singh,0.2,0.18032786885245902,1.2,0.2,Slow left-arm orthodox,India,89,61,0.2,5,8.852459016393443
26,AR Patel,0.9552238805970149,0.35465924895688455,1.0746268656716418,1.7164179104477613,Slow left-arm orthodox,India,1734,1438,1.1343283582089552,67,7.552155771905425
27,RD Chahar,1.0,0.45652173913043476,1.5,2.0,Legbreak googly,India,54,46,2.5,2,7.695652173913043
28,CH Morris,1.25,0.43312666076173606,0.9038461538461539,2.5961538461538463,Right-arm fast-medium,South Africa,1378,1129,1.6346153846153846,52,7.775022143489814
29,PJ Cummins,1.1875,0.40369393139841686,1.0,2.9375,Right-arm fast,Australia,477,379,3.0,16,8.311345646437996
30,S Nadeem,0.7457627118644068,0.3572009764035802,1.0,1.6271186440677967,Slow left-arm orthodox,India,1457,1229,0.6779661016949152,59,7.308380797396257
31,Z Khan,1.202020202020202,0.4415641476274165,0.6464646464646465,3.1515151515151514,Left-arm fast-medium,India,2691,2276,1.707070707070707,99,7.539543057996484
32,B Stanlake,1.1666666666666667,0.44,1.5,3.1666666666666665,Right-arm fast,Australia,198,150,1.0,6,8.16
33,Iqbal Abdulla,0.9375,0.391304347826087,0.7708333333333334,1.8333333333333333,Slow left-arm orthodox,India,1083,943,0.875,48,7.158006362672323
34,SR Watson,1.019047619047619,0.441272812353767,0.7047619047619048,2.7904761904761903,Right-arm fast-medium,Australia,2580,2137,1.6285714285714286,105,7.72391202620496
35,P Negi,0.9210526315789473,0.358974358974359,1.0789473684210527,1.2894736842105263,Slow left-arm orthodox,India,823,663,0.7368421052631579,38,7.7013574660633495
36,P Kumar,0.8571428571428571,0.4778156996587031,0.8739495798319328,2.8403361344537816,Right-arm medium,India,3106,2637,1.9831932773109244,119,7.604095563139931
37,KH Pandya,0.8108108108108109,0.3294460641399417,0.5675675675675675,1.4594594594594594,Slow left-arm orthodox,India,780,686,0.918918918918919,37,7.1195335276967935
38,JJ Bumrah,1.1475409836065573,0.38673253352152437,0.9180327868852459,2.557377049180328,Right-arm medium,India,1747,1417,1.5245901639344261,61,7.791107974594214
39,SL Malinga,1.5454545454545454,0.4662212323682257,0.5727272727272728,2.518181818181818,Right-arm fast,Sri Lanka,2766,2694,2.4363636363636365,110,6.757238307349667
40,AS Rajpoot,1.0,0.4257142857142857,0.7894736842105263,2.8947368421052633,Right-arm medium,India,456,350,2.1578947368421053,19,8.52
41,SP Narine,1.2989690721649485,0.42973785990545765,0.8144329896907216,2.0,Right-arm offbreak,West Indies,2472,2327,1.0,97,6.623979372582725
42,CR Woakes,1.4444444444444444,0.3813131313131313,1.3888888888888888,3.2777777777777777,Right-arm fast-medium,England,568,396,1.9444444444444444,18,9.136363636363637
43,VR Aaron,1.0,0.459070796460177,1.025,3.3,Right-arm fast,India,1151,904,2.475,40,8.29646017699115
44,DL Chahar,0.6470588235294118,0.4492307692307692,0.7058823529411765,2.6470588235294117,Right-arm medium,India,391,325,1.7058823529411764,17,7.753846153846155
45,A Mishra,1.1397058823529411,0.3793103448275862,1.1764705882352942,1.5,Legbreak,India,3456,2929,0.8823529411764706,136,7.3253670194605665
46,Harbhajan Singh,0.9794520547945206,0.39094908862350725,0.8698630136986302,1.8356164383561644,Right-arm offbreak,India,3565,3182,1.095890410958904,146,7.023884349465744
47,C de Grandhomme,0.4375,0.31155778894472363,0.625,1.1875,Right-arm fast-medium,New Zealand,261,199,1.3125,16,8.50251256281407
48,UT Yadav,1.1869158878504673,0.42011834319526625,0.9065420560747663,3.2149532710280373,Right-arm fast-medium,India,3045,2366,1.9065420560747663,107,8.239222316145392
49,S Badree,0.9166666666666666,0.4524714828897338,1.1666666666666667,2.3333333333333335,Legbreak,West Indies,309,263,1.6666666666666667,12,7.505703422053232
50,AJ Tye,2.0,0.3305613305613306,0.85,2.55,Right-arm medium fast,Australia,598,481,1.75,20,7.896049896049896
51,DR Smith,0.5869565217391305,0.348294434470377,0.717391304347826,1.6304347826086956,Right-arm medium,West Indies,787,557,0.8260869565217391,46,8.88689407540395
52,RA Jadeja,0.8015873015873016,0.3426763110307414,0.9603174603174603,1.4047619047619047,Slow left-arm orthodox,India,2767,2212,0.7777777777777778,126,7.7712477396021695
53,SN Thakur,1.1923076923076923,0.3935018050541516,1.1923076923076923,2.923076923076923,Right-arm medium,India,770,554,1.4615384615384615,26,8.750902527075812
54,YK Pathan,0.5679012345679012,0.3862478777589134,0.7037037037037037,1.2098765432098766,Right-arm offbreak,India,1364,1178,0.8765432098765432,81,7.308998302207131
55,KC Cariappa,0.8,0.3175355450236967,1.6,2.1,Legbreak,India,307,211,0.8,10,8.957345971563981
56,MM Sharma,1.1666666666666667,0.3824200913242009,0.9166666666666666,3.0476190476190474,Right-arm medium,India,2371,1752,0.7023809523809523,84,8.32191780821918
57,CJ Anderson,0.6363636363636364,0.3111111111111111,1.0454545454545454,2.3636363636363638,Left-arm medium-fast,New Zealand,504,315,1.2727272727272727,22,10.133333333333333
58,MM Patel,1.3015873015873016,0.45875542691751087,0.8412698412698413,2.984126984126984,Right-arm medium-fast,India,1670,1382,1.0,63,7.523878437047757
59,S Aravind,1.263157894736842,0.41878172588832485,1.0,2.763157894736842,Left-arm medium-fast,India,1007,788,1.3157894736842106,38,8.048223350253807
60,AF Milne,1.0,0.3826086956521739,1.0,4.2,Right-arm fast,New Zealand,166,115,3.8,5,9.652173913043478
61,JD Unadkat,1.180327868852459,0.3693486590038314,1.1967213114754098,2.6557377049180326,Left-arm medium,India,1779,1305,0.7049180327868853,61,8.377011494252875
62,NM Coulter-Nile,1.56,0.47952218430034127,0.8,3.44,Right-arm fast,Australia,696,586,1.72,25,7.566552901023891
63,Mohammad Nabi,0.6,0.4895833333333333,0.8,2.0,Right-arm offbreak,Afghanistan,105,96,0.2,5,6.625
64,S Kaul,1.236842105263158,0.3269689737470167,0.9473684210526315,2.9210526315789473,Right-arm medium,India,1137,838,1.2894736842105263,38,8.49164677804296
65,Basil Thampi,1.25,0.3088235294117647,1.5625,3.0,Right-arm fast-medium,India,529,340,1.0,16,9.617647058823529
66,DS Kulkarni,1.0625,0.4587212911235258,0.8,2.8875,Right-arm medium,India,1980,1611,1.6875,80,7.877094972067038
67,TM Head,0.6,0.14583333333333334,1.0,0.6,Right-arm offbreak,Australia,81,48,0.0,5,10.125
68,Mohammed Siraj,1.2941176470588236,0.34074074074074073,1.7647058823529411,2.6470588235294117,Right-arm medium-fast,India,581,405,1.8823529411764706,17,9.08148148148148
69,Yuvraj Singh,0.5342465753424658,0.31859410430839,0.5616438356164384,0.8082191780821918,Slow left-arm orthodox,India,1065,882,0.3698630136986301,73,7.428571428571429
70,SK Raina,0.4411764705882353,0.3463203463203463,0.6470588235294118,1.0441176470588236,Right-arm offbreak,India,1090,924,0.6323529411764706,68,7.357142857142858
71,JP Faulkner,1.2666666666666666,0.37839937839937837,1.1166666666666667,2.6666666666666665,Left-arm fast-medium,Australia,1744,1287,1.75,60,8.620046620046619
72,K Rabada,1.3333333333333333,0.43795620437956206,0.8333333333333334,3.3333333333333335,Right-arm fast,South Africa,174,137,4.0,6,8.671532846715328
73,MG Johnson,1.2222222222222223,0.46887009992313605,1.0185185185185186,3.6296296296296298,Left-arm fast,Australia,1642,1301,1.9814814814814814,54,8.066102997694081
74,DT Christian,0.9,0.3899755501222494,0.85,2.225,Right-arm fast-medium,Australia,1006,818,1.525,40,7.82640586797066
75,NB Singh,0.5,0.68,0.0,1.0,Right-arm medium,India,14,25,2.0,2,4.32
76,SS Agarwal,1.0,0.2916666666666667,3.0,3.0,Legbreak googly,India,42,24,0.0,1,10.5
77,KV Sharma,0.9666666666666667,0.37318840579710144,1.3166666666666667,1.3,Legbreak googly,India,1401,1104,0.8,60,7.875
78,Washington Sundar,0.7647058823529411,0.375,1.1176470588235294,1.5294117647058822,Right-arm offbreak,India,377,304,0.8235294117647058,17,7.717105263157894
79,Ankit Soni,0.6666666666666666,0.36607142857142855,1.1666666666666667,1.3333333333333333,Legbreak,India,141,112,0.6666666666666666,6,7.767857142857143
80,GJ Maxwell,0.3953488372093023,0.3263888888888889,0.7441860465116279,0.9069767441860465,Right-arm offbreak,Australia,598,432,0.4418604651162791,43,8.569444444444445
81,LH Ferguson,1.25,0.5977011494252874,1.0,2.25,Right-arm fast,New Zealand,84,87,3.0,4,6.620689655172414
82,IK Pathan,0.9801980198019802,0.4514907714150497,0.8118811881188119,2.900990099009901,Left-arm medium-fast,India,2569,2113,1.4059405940594059,101,7.698059630856601
83,PJ Sangwan,1.0512820512820513,0.4216725559481743,1.1025641025641026,3.0256410256410255,Left-arm medium,India,1120,849,2.1025641025641026,39,8.49469964664311
84,Mohammed Shami,0.8571428571428571,0.40053763440860213,1.1428571428571428,3.1714285714285713,Right-arm fast-medium,India,1028,744,2.2285714285714286,35,8.919354838709678
85,R Tewatia,0.9333333333333333,0.35877862595419846,1.2,0.8666666666666667,Legbreak,India,311,262,0.4666666666666667,15,7.2824427480916025
86,MJ Henry,1.0,0.25806451612903225,2.5,3.5,Right-arm fast-medium,New Zealand,70,31,0.5,2,13.741935483870968
87,CR Brathwaite,1.1428571428571428,0.30612244897959184,0.8571428571428571,2.357142857142857,Right-arm fast-medium,West Indies,342,245,1.2857142857142858,14,8.816326530612246
88,R Vinay Kumar,1.2211538461538463,0.38838060384263495,0.9519230769230769,2.8461538461538463,Right-arm medium,India,2927,2186,1.1153846153846154,104,8.35224153705398
89,Avesh Khan,0.7142857142857143,0.3900709219858156,2.5714285714285716,2.2857142857142856,Right-arm medium-fast,India,228,141,0.7142857142857143,7,9.914893617021278
90,HV Patel,1.1282051282051282,0.3860294117647059,1.1025641025641026,2.8461538461538463,Right-arm medium,India,1115,816,1.5897435897435896,39,8.654411764705882
91,CJ Jordan,1.2727272727272727,0.37089201877934275,1.0909090909090908,2.272727272727273,Right-arm fast-medium,England,284,213,2.909090909090909,11,8.901408450704226
92,JH Kallis,0.8314606741573034,0.3852140077821012,0.651685393258427,2.651685393258427,Right-arm fast-medium,South Africa,2222,1799,1.4157303370786516,89,7.8310172317954425
93,AA Noffke,1.0,0.32,2.0,2.0,Right-arm fast-medium,Australia,35,25,6.0,1,9.84
94,I Sharma,0.7763157894736842,0.4810274372446001,0.881578947368421,3.3947368421052633,Right-arm fast-medium,India,2124,1713,2.1973684210526314,76,8.024518388791593
95,AB Agarkar,0.7857142857142857,0.3780487804878049,0.9761904761904762,2.6904761904761907,Right-arm fast,India,1112,820,1.4761904761904763,42,8.590243902439024
96,SC Ganguly,0.6,0.30357142857142855,0.7,1.25,Right-arm medium,India,359,280,0.55,20,7.928571428571429
97,LR Shukla,0.6296296296296297,0.3895705521472393,0.5925925925925926,1.4444444444444444,Right-arm medium,India,429,326,1.0740740740740742,27,8.429447852760736
98,B Lee,0.7894736842105263,0.47489082969432317,0.6578947368421053,3.236842105263158,Right-arm fast,Australia,1042,916,2.210526315789474,38,7.3755458515283845
99,JR Hopes,0.7,0.34688346883468835,1.4,2.2,Right-arm medium,Australia,539,369,1.15,20,9.138211382113822
100,WA Mota,0.5714285714285714,0.36,0.7142857142857143,0.5714285714285714,Right-arm medium,India,94,75,0.5714285714285714,7,7.84
101,MS Gony,0.8863636363636364,0.4335135135135135,1.2045454545454546,3.0681818181818183,Right-arm medium,India,1250,925,1.5227272727272727,44,8.542702702702702
102,P Amarnath,1.1666666666666667,0.25757575757575757,1.1666666666666667,4.833333333333333,Right-arm medium,India,236,132,0.8333333333333334,6,10.954545454545453
103,Joginder Sharma,0.8666666666666667,0.30514705882352944,1.1333333333333333,2.533333333333333,Right-arm fast-medium,India,402,272,1.2666666666666666,15,9.286764705882353
104,M Muralitharan,1.0151515151515151,0.439595192915876,1.0151515151515151,1.5909090909090908,Right-arm offbreak,Sri Lanka,1642,1581,1.8636363636363635,66,6.698292220113853
105,GD McGrath,1.0,0.5045592705167173,0.7142857142857143,2.9285714285714284,Right-arm fast-medium,Australia,352,329,1.0,14,6.674772036474164
106,B Geeves,1.0,0.32653061224489793,0.5,8.5,Right-arm fast-medium,Australia,90,49,0.5,2,11.142857142857142
107,MF Maharoof,1.65,0.4444444444444444,0.8,2.3,Right-arm fast-medium,India,494,441,1.9,20,7.238095238095237
108,DL Vettori,1.0,0.3719745222929936,0.7058823529411765,1.9705882352941178,Slow left-arm orthodox,New Zealand,870,785,0.7058823529411765,34,6.83312101910828
109,B Akhil,0.5384615384615384,0.35751295336787564,0.6923076923076923,1.3846153846153846,Right-arm medium-fast,India,235,193,0.8461538461538461,13,7.647668393782384
110,ST Jayasuriya,0.7619047619047619,0.3089700996677741,0.7619047619047619,1.0476190476190477,Slow left-arm orthodox,Sri Lanka,375,301,1.0,21,7.893687707641195
111,M Kartik,0.7090909090909091,0.3663282571912014,0.7454545454545455,1.7636363636363637,Slow left-arm orthodox,India,1341,1182,1.4,55,7.197969543147208
112,Mohammad Hafeez,0.5,0.4444444444444444,0.5,1.25,Right-arm offbreak,Pakistan,61,63,2.5,4,6.761904761904762
113,DJ Hussey,0.38461538461538464,0.30340557275541796,0.9615384615384616,1.1538461538461537,Right-arm offbreak,Australia,467,323,0.6923076923076923,26,9.009287925696594
114,RP Singh,1.2195121951219512,0.46905016008537886,0.8536585365853658,3.097560975609756,Left-arm fast-medium,India,2236,1874,2.207317073170732,82,7.7385272145144075
115,WPUJC Vaas,1.6923076923076923,0.4791666666666667,1.0,3.076923076923077,Left-arm fast-medium,Sri Lanka,345,288,1.4615384615384615,13,7.583333333333333
116,PP Ojha,1.1,0.387146529562982,1.0777777777777777,1.6222222222222222,Slow left-arm orthodox,India,2261,1945,1.5333333333333334,90,7.40051413881748
117,SK Warne,1.1111111111111112,0.3851185609157809,1.037037037037037,1.6851851851851851,Legbreak googly,Australia,1408,1223,1.0555555555555556,54,7.187244480784955
118,D Salunkhe,0.2,0.35294117647058826,0.6,1.2,Legbreak,India,70,51,2.0,5,9.411764705882353
119,SK Trivedi,0.9733333333333334,0.3673731535003211,0.68,2.0533333333333332,Right-arm medium,India,1840,1557,1.3866666666666667,75,7.491329479768787
120,S Sreesanth,0.9772727272727273,0.49736008447729674,0.8863636363636364,2.9545454545454546,Right-arm fast-medium,India,1112,947,2.477272727272727,44,7.736008447729672
121,Mohammad Asif,1.125,0.3869346733668342,1.0,4.625,Right-arm fast-medium,Pakistan,289,199,2.25,8,9.256281407035175
122,VY Mahesh,1.2941176470588236,0.3983286908077994,1.1764705882352942,2.764705882352941,Right-arm medium-fast,India,478,359,1.9411764705882353,17,8.540389972144848
123,MA Khote,1.0,0.2,1.0,2.0,Right-arm medium,India,51,30,0.5,2,10.4
124,JDP Oram,0.9285714285714286,0.3770491803278688,1.0,2.4285714285714284,Right-arm fast-medium,New Zealand,342,244,1.4285714285714286,14,8.901639344262295
125,D Kalyankrishna,0.6666666666666666,0.26,1.3333333333333333,2.6666666666666665,Right-arm medium-fast,India,85,50,1.0,3,10.56
126,Shahid Afridi,0.9,0.3783783783783784,0.7,1.9,Legbreak googly,Pakistan,220,185,1.7,10,7.686486486486487
127,SM Pollock,1.0,0.4857142857142857,0.6923076923076923,2.3076923076923075,Right-arm fast-medium,South Africa,297,280,0.7692307692307693,13,6.578571428571429
128,VRV Singh,0.8888888888888888,0.3450134770889488,0.8888888888888888,3.2222222222222223,Right-arm medium-fast,India,531,371,1.0,18,8.878706199460916
129,SB Joshi,0.25,0.32727272727272727,1.25,1.5,Slow left-arm orthodox,India,82,55,0.0,4,8.945454545454545
130,SB Bangar,0.6666666666666666,0.39215686274509803,0.7777777777777778,2.6666666666666665,Right-arm medium-fast,India,212,153,1.0,9,8.666666666666666
131,DNT Zoysa,0.6666666666666666,0.37681159420289856,1.0,4.0,Left-arm fast-medium,Sri Lanka,96,69,1.3333333333333333,3,8.695652173913043
132,Shoaib Malik,0.4,0.39655172413793105,0.6,1.4,Right-arm offbreak,Pakistan,77,58,2.0,5,9.0
133,JA Morkel,1.103448275862069,0.4216934144991699,0.6436781609195402,3.0344827586206895,Right-arm medium-fast,South Africa,2256,1807,1.7586206896551724,87,7.998893193137797
134,DJ Bravo,1.3025210084033614,0.36233660130718953,1.084033613445378,2.19327731092437,Right-arm medium-fast,West Indies,3196,2448,1.504201680672269,119,8.272058823529411
135,CRD Fernando,1.9,0.4779116465863454,0.9,3.0,Right-arm fast-medium,Sri Lanka,279,249,2.7,10,7.373493975903614
136,DW Steyn,1.1111111111111112,0.5141269106067624,0.5,2.933333333333333,Right-arm fast,South Africa,2209,2159,1.8444444444444446,90,6.6002779064381665
137,Gagandeep Singh,0.75,0.30952380952380953,1.5,3.5,Right-arm medium-fast,India,141,84,0.25,4,10.142857142857142
138,Umar Gul,2.3333333333333335,0.477124183006536,0.8333333333333334,2.8333333333333335,Right-arm fast-medium,Pakistan,166,153,5.333333333333333,6,7.764705882352942
139,Sohail Tanvir,2.1818181818181817,0.5584905660377358,0.6363636363636364,2.4545454545454546,Left-arm medium-fast,Pakistan,246,265,2.6363636363636362,11,6.226415094339623
140,V Sehwag,0.4,0.3333333333333333,1.0666666666666667,1.2666666666666666,Right-arm offbreak,India,233,138,0.2,15,10.26086956521739
141,A Kumble,1.1666666666666667,0.4170905391658189,0.8333333333333334,1.7142857142857142,Legbreak googly,India,1027,983,1.4761904761904763,42,6.646998982706002
142,V Kohli,0.19230769230769232,0.24242424242424243,0.4230769230769231,0.9615384615384616,Right-arm medium,India,354,264,0.6538461538461539,26,8.431818181818182
143,DB Ravi Teja,0.5,0.2222222222222222,1.0,0.5,Legbreak googly,India,28,18,0.0,2,9.333333333333334
144,DJ Thornely,0.75,0.4772727272727273,0.0,1.25,Right-arm medium,Australia,38,44,0.5,4,5.454545454545454
145,S Vidyut,1.0,0.46153846153846156,2.0,1.0,Slow left-arm orthodox,India,21,13,1.0,1,10.153846153846153
146,DP Vijaykumar,0.4444444444444444,0.46540880503144655,0.5555555555555556,2.5555555555555554,Right-arm medium,India,192,159,1.4444444444444444,9,7.735849056603773
147,SB Styris,0.8181818181818182,0.4099099099099099,1.2727272727272727,1.7272727272727273,Right-arm medium,New Zealand,270,222,0.7272727272727273,11,7.513513513513514
148,RR Raje,0.7,0.3125,0.4,2.3,Right-arm fast-medium,India,200,144,1.4,10,8.916666666666668
149,L Balaji,1.1643835616438356,0.40724269377382466,0.9452054794520548,2.5753424657534247,Right-arm medium-fast,India,1952,1574,1.7945205479452055,73,7.940279542566708
150,Y Venugopal Rao,0.35,0.2972972972972973,0.65,1.5,Right-arm offbreak,India,329,222,0.45,20,9.135135135135135
151,AD Mascarenhas,1.4615384615384615,0.4258064516129032,0.6153846153846154,2.6153846153846154,Right-arm fast-medium,England,353,310,0.9230769230769231,13,7.064516129032258
152,Shoaib Akhtar,1.6666666666666667,0.5869565217391305,0.6666666666666666,2.0,Right-arm fast,Pakistan,50,46,1.3333333333333333,3,7.043478260869566
153,RR Powar,0.5769230769230769,0.43115124153498874,0.6923076923076923,1.5769230769230769,Right-arm offbreak,India,501,443,1.4230769230769231,26,7.28668171557562
154,AM Nayar,0.47368421052631576,0.33472803347280333,0.6842105263157895,1.1578947368421053,Right-arm medium,India,311,239,0.631578947368421,19,8.108786610878662
155,M Ntini,0.8888888888888888,0.5164319248826291,0.8888888888888888,3.2222222222222223,Right-arm fast,South Africa,238,213,2.111111111111111,9,7.23943661971831
156,TM Dilshan,0.2,0.3090909090909091,0.6,1.08,Right-arm offbreak,Sri Lanka,361,275,0.28,25,8.02909090909091
157,SD Chitnis,1.0,0.34210526315789475,1.5,2.0,Right-arm offbreak,India,54,38,4.0,2,9.789473684210526
158,RG Sharma,0.5333333333333333,0.30409356725146197,0.4666666666666667,0.9,Right-arm offbreak,India,425,342,0.8,30,7.87719298245614
159,A Nel,1.0,0.3888888888888889,2.0,3.0,Right-arm fast-medium,South Africa,31,18,0.0,1,10.333333333333334
160,BAW Mendis,0.9,0.3346774193548387,1.2,1.7,Right-arm offbreak,Sri Lanka,295,248,1.1,10,7.403225806451613
161,PM Sarvesh Kumar,0.5,0.3870967741935484,0.0,3.5,Right-arm medium,India,41,31,0.5,2,8.129032258064516
162,T Thushara,1.6666666666666667,0.4652777777777778,0.6666666666666666,2.5,Left-arm fast-medium,Sri Lanka,152,144,2.0,6,6.833333333333333
163,A Flintoff,0.6666666666666666,0.3181818181818182,2.3333333333333335,2.3333333333333335,Right-arm fast-medium,England,105,66,0.3333333333333333,3,9.636363636363637
164,T Henderson,0.5,0.4166666666666667,0.0,2.5,Right-arm fast-medium,South Africa,40,36,0.5,2,6.833333333333333
165,JD Ryder,0.6875,0.36929460580912865,0.8125,1.3125,Right-arm medium,New Zealand,297,241,1.0625,16,7.817427385892117
166,AM Salvi,1.0,0.42948717948717946,1.0,2.5714285714285716,Right-arm medium,India,190,156,2.142857142857143,7,7.884615384615385
167,Harmeet Singh,1.1111111111111112,0.40619307832422585,0.7407407407407407,2.4444444444444446,Slow left-arm orthodox,India,665,549,1.7777777777777777,27,7.7923497267759565
168,KP Pietersen,0.6923076923076923,0.35,0.6923076923076923,0.7692307692307693,Right-arm offbreak,South Africa,205,180,1.0,13,7.266666666666666
169,VS Malik,0.46153846153846156,0.44339622641509435,0.46153846153846156,2.3076923076923075,Right-arm medium,India,254,212,1.0769230769230769,13,7.584905660377358
170,FH Edwards,1.0,0.56,0.3333333333333333,3.3333333333333335,Right-arm fast,West Indies,144,150,2.6666666666666665,6,6.4
171,DP Nannes,1.3103448275862069,0.5036284470246735,0.5172413793103449,3.0689655172413794,Left-arm fast,Australia,734,689,2.793103448275862,29,7.097242380261249
172,Anureet Singh,0.9545454545454546,0.386046511627907,1.0,2.9545454545454546,Right-arm medium,India,601,430,1.5909090909090908,22,8.874418604651163
173,Kamran Khan,1.5555555555555556,0.4576271186440678,1.1111111111111112,2.7777777777777777,Left-arm medium-fast,India,228,177,2.2222222222222223,9,8.406779661016948
174,YA Abdulla,1.3636363636363635,0.46846846846846846,1.1818181818181819,2.909090909090909,Left-arm fast-medium,India,294,222,1.5454545454545454,11,8.405405405405405
175,Pankaj Singh,0.6470588235294118,0.40192926045016075,1.0,3.0588235294117645,Right-arm medium-fast,India,453,311,1.1176470588235294,17,9.106109324758842
176,KP Appanna,0.8461538461538461,0.34234234234234234,0.8461538461538461,1.5384615384615385,Slow left-arm orthodox,India,278,222,1.0,13,7.864864864864865
177,BJ Hodge,0.9,0.3487394957983193,0.7,0.85,Right-arm offbreak,Australia,294,238,0.8,20,7.815126050420169
178,RE van der Merwe,1.1904761904761905,0.3758241758241758,0.8095238095238095,1.1904761904761905,Slow left-arm orthodox,South Africa,486,455,1.380952380952381,21,6.791208791208791
179,JP Duminy,0.46938775510204084,0.3780313837375178,0.673469387755102,1.0816326530612246,Right-arm offbreak,South Africa,802,701,0.9183673469387755,49,7.249643366619115
180,Shoaib Ahmed,0.7142857142857143,0.34951456310679613,1.0,2.0,Right-arm fast-medium,Pakistan,151,103,0.42857142857142855,7,8.970873786407767
181,CH Gayle,0.5135135135135135,0.38687392055267705,0.7297297297297297,1.3243243243243243,Right-arm offbreak,West Indies,675,579,2.027027027027027,37,7.7720207253886
182,GR Napier,1.0,0.375,1.0,2.0,Right-arm medium,England,27,24,1.0,1,7.0
183,SM Harwood,1.0,0.6119402985074627,0.6666666666666666,2.0,Right-arm fast-medium,Australia,61,67,4.333333333333333,3,6.6268656716417915
184,S Tyagi,0.42857142857142855,0.4954545454545455,0.8571428571428571,2.4285714285714284,Right-arm medium,India,284,220,1.4285714285714286,14,8.290909090909091
185,SB Jakati,0.8771929824561403,0.33605812897366033,1.0526315789473684,1.7017543859649122,Slow left-arm orthodox,India,1422,1101,0.9122807017543859,57,8.032697547683924
186,D du Preez,2.0,0.4186046511627907,0.5,3.0,Right-arm fast-medium,South Africa,55,43,0.5,2,7.813953488372094
187,TL Suman,0.6363636363636364,0.29605263157894735,0.9090909090909091,0.7272727272727273,Right-arm offbreak,India,195,152,0.2727272727272727,11,7.815789473684211
188,A Singh,1.3478260869565217,0.43621399176954734,0.7391304347826086,2.9130434782608696,Right-arm medium-fast,India,603,486,1.565217391304348,23,7.888888888888889
189,LA Carseldine,1.0,0.7142857142857143,0.0,1.0,Left-arm medium,Australia,5,7,1.0,1,5.142857142857142
190,M Morkel,1.2571428571428571,0.47321954090641555,0.8714285714285714,3.2857142857142856,Right-arm fast,South Africa,2005,1699,1.8714285714285714,70,7.5432607416127135
191,C Nanda,0.6666666666666666,0.32,0.6666666666666666,0.3333333333333333,Legbreak,India,55,50,1.0,3,6.959999999999999
192,AM Rahane,1.0,0.3333333333333333,0.0,0.0,Right-arm medium,India,5,6,0.0,1,5.0
193,A Symonds,0.7666666666666667,0.40555555555555556,1.1,1.4666666666666666,Right-arm offbreak,Australia,656,540,1.2666666666666666,30,7.711111111111111
194,J Botha,0.7941176470588235,0.3991537376586742,0.7058823529411765,1.7647058823529411,Right-arm offbreak,South Africa,781,709,1.088235294117647,34,6.922425952045134
195,RJ Harris,1.2702702702702702,0.48786127167630056,0.7297297297297297,3.2162162162162162,Right-arm fast,Australia,998,865,2.3513513513513513,37,7.526011560693642
196,Mashrafe Mortaza,1.0,0.35714285714285715,4.0,4.0,Right-arm fast-medium,Bangladesh,54,28,5.0,1,12.642857142857142
197,Y Nagar,0.5,0.2777777777777778,0.75,1.375,Right-arm offbreak,India,117,72,1.0,8,10.416666666666668
198,CK Langeveldt,1.8571428571428572,0.509090909090909,1.1428571428571428,2.4285714285714284,Right-arm fast-medium,England,178,165,3.0,7,7.236363636363636
199,SS Sarkar,0.5,0.16,0.0,2.0,Right-arm medium,India,34,25,0.0,2,8.16
200,R Ashwin,0.9918032786885246,0.40254395809951365,0.8688524590163934,1.4508196721311475,Right-arm offbreak,India,2820,2673,1.2704918032786885,122,6.677890011223344
201,Jaskaran Singh,0.8571428571428571,0.44144144144144143,0.5714285714285714,3.2857142857142856,Right-arm medium,India,162,111,1.7142857142857142,7,9.405405405405405
202,AD Mathews,0.6363636363636364,0.3135068153655514,0.6590909090909091,2.227272727272727,Right-arm fast-medium,Sri Lanka,1054,807,0.9318181818181818,44,8.141263940520446
203,A Uniyal,1.5,0.2894736842105263,1.5,3.0,Left-arm medium,India,64,38,1.5,2,10.578947368421051
204,SW Tait,1.2380952380952381,0.5262172284644194,0.5714285714285714,3.380952380952381,Right-arm fast,Australia,557,534,5.285714285714286,21,7.50561797752809
205,AG Murtaza,1.0,0.41263940520446096,1.1666666666666667,1.8333333333333333,Slow left-arm orthodox,India,304,269,1.5,12,7.182156133828997
206,R Sathish,0.42857142857142855,0.25,0.7142857142857143,1.2857142857142858,Right-arm medium,India,227,144,0.42857142857142855,14,9.708333333333334
207,JM Kemp,0.6,0.44680851063829785,0.2,1.2,Right-arm fast-medium,South Africa,51,47,1.4,5,7.404255319148936
208,S Ladda,0.5555555555555556,0.3617021276595745,1.8888888888888888,1.3333333333333333,Legbreak,India,221,141,0.4444444444444444,9,9.574468085106382
209,KA Pollard,0.8271604938271605,0.3268025078369906,0.7777777777777778,1.7160493827160495,Right-arm medium-fast,West Indies,1688,1276,1.1975308641975309,81,8.393416927899686
210,SJ Srivastava,1.0714285714285714,0.42483660130718953,0.9285714285714286,3.5714285714285716,Left-arm fast-medium,India,409,306,2.5,14,8.705882352941176
211,SE Bond,1.125,0.42408376963350786,0.375,3.375,Right-arm fast,New Zealand,218,191,0.875,8,7.068062827225131
212,R Sharma,0.9545454545454546,0.3754010695187166,1.0227272727272727,1.5909090909090908,Right-arm offbreak,India,1079,935,0.4772727272727273,44,7.0588235294117645
213,J Theron,1.3,0.37446808510638296,0.9,2.8,Right-arm medium-fast,South Africa,288,235,2.3,10,7.940425531914894
214,R McLaren,0.7777777777777778,0.3870967741935484,0.6111111111111112,3.8333333333333335,Right-arm medium-fast,South Africa,520,372,2.111111111111111,18,9.0
215,S Narwal,1.0,0.39823008849557523,2.1666666666666665,2.8333333333333335,Right-arm medium,India,195,113,1.3333333333333333,6,10.778761061946902
216,AC Voges,0.14285714285714285,0.30357142857142855,0.2857142857142857,1.1428571428571428,Slow left-arm orthodox,Australia,74,56,0.2857142857142857,7,8.142857142857142
217,AB McDonald,1.4,0.2872340425531915,1.1,2.0,Right-arm fast-medium,Australia,259,188,0.4,10,8.393617021276597
218,PD Collingwood,0.8333333333333334,0.2777777777777778,0.5,0.6666666666666666,Right-arm medium,England,100,90,0.16666666666666666,6,6.733333333333333
219,RS Bopara,0.9285714285714286,0.3427230046948357,0.7142857142857143,1.7857142857142858,Right-arm medium,England,276,213,1.7857142857142858,14,8.47887323943662
220,SB Wagh,0.625,0.5185185185185185,0.25,2.625,Left-arm medium-fast,India,131,108,2.0,8,8.166666666666668
221,DE Bollinger,1.5925925925925926,0.4866666666666667,0.7037037037037037,2.7037037037037037,Left-arm fast-medium,Australia,663,600,1.962962962962963,27,7.16
222,A Mithun,0.5,0.36538461538461536,1.3125,2.625,Right-arm medium,India,448,312,1.8125,16,9.173076923076923
223,AP Dole,1.6666666666666667,0.3835616438356164,1.3333333333333333,3.6666666666666665,Right-arm medium-fast,India,105,73,3.0,3,9.36986301369863
224,FY Fazal,0.5,0.08333333333333333,0.5,0.5,Right-arm medium,India,20,12,0.0,2,10.0
225,MR Marsh,1.1111111111111112,0.3944954128440367,0.7777777777777778,2.1666666666666665,Right-arm medium,Australia,402,327,1.0,18,7.706422018348624
226,L Ablish,1.6666666666666667,0.3111111111111111,0.3333333333333333,3.6666666666666665,Right-arm medium-fast,India,72,45,1.3333333333333333,3,10.133333333333333
227,MK Tiwary,0.16666666666666666,0.24444444444444444,1.1666666666666667,0.3333333333333333,Legbreak googly,India,81,45,0.8333333333333334,6,11.466666666666667
228,ND Doshi,0.5,0.43859649122807015,1.5,1.25,Slow left-arm orthodox,India,78,57,0.25,4,8.31578947368421
229,S Randiv,1.0,0.36666666666666664,0.625,2.5,Right-arm offbreak,Sri Lanka,217,180,0.75,8,7.433333333333334
230,RV Gomez,0.6666666666666666,0.4020618556701031,0.7777777777777778,1.1111111111111112,Right-arm medium,India,128,97,0.2222222222222222,9,8.041237113402062
231,AC Thomas,1.0666666666666667,0.43730886850152906,0.7333333333333333,2.7333333333333334,Right-arm fast-medium,England,394,327,1.4666666666666666,15,7.63302752293578
232,WD Parnell,1.1923076923076923,0.47088186356073214,0.4230769230769231,3.076923076923077,Left-arm medium-fast,South Africa,651,601,3.076923076923077,26,7.297836938435941
233,R Ninan,1.5,0.2222222222222222,2.5,1.5,Right-arm offbreak,India,65,36,0.0,2,10.833333333333334
234,JJ van der Wath,1.0,0.4605263157894737,2.0,5.666666666666667,Right-arm medium-fast,South Africa,125,76,3.0,3,10.578947368421051
235,Shakib Al Hasan,1.0847457627118644,0.36764705882352944,1.0677966101694916,1.7627118644067796,Slow left-arm orthodox,Bangladesh,1530,1292,0.9830508474576272,59,7.374613003095975
236,PC Valthaty,0.7,0.3137254901960784,0.7,1.5,Right-arm medium,India,199,153,0.8,10,8.117647058823529
237,NLTC Perera,1.0277777777777777,0.35384615384615387,0.7777777777777778,3.138888888888889,Right-arm medium-fast,Sri Lanka,998,715,0.9166666666666666,36,8.651748251748252
238,S Dhawan,0.6666666666666666,0.42857142857142855,0.5,1.1666666666666667,Right-arm offbreak,India,65,49,1.1666666666666667,6,8.816326530612246
239,AN Ahmed,0.8823529411764706,0.39779005524861877,1.1764705882352942,2.5294117647058822,Right-arm medium-fast,India,467,362,2.823529411764706,17,8.535911602209945
240,JEC Franklin,0.6,0.27741935483870966,0.4,1.4,Left-arm medium,New Zealand,216,155,0.6,15,8.70967741935484
241,BA Bhatt,0.8666666666666667,0.3432343234323432,0.8666666666666667,2.3333333333333335,Slow left-arm orthodox,India,389,303,1.2666666666666666,15,8.07920792079208
242,J Syed Mohammad,0.9090909090909091,0.2755102040816326,1.0909090909090908,1.6363636363636365,Slow left-arm orthodox,India,279,196,0.6363636363636364,11,8.755102040816325
243,JE Taylor,1.2,0.48360655737704916,1.8,2.0,Right-arm fast,New Zealand,152,122,3.0,5,8.213114754098362
244,KMDN Kulasekara,1.2,0.48598130841121495,0.0,3.2,Right-arm fast-medium,Sri Lanka,115,107,1.4,5,6.841121495327102
245,AL Menaria,0.25,0.3805309734513274,0.3333333333333333,1.25,Slow left-arm orthodox,India,140,113,0.3333333333333333,12,7.646017699115044
246,P Parameswaran,1.125,0.44025157232704404,1.25,2.875,Left-arm medium,India,219,159,0.875,8,8.528301886792452
247,AA Kazi,1.0,0.23076923076923078,1.0,1.0,Slow left-arm orthodox,India,20,13,1.0,1,9.692307692307693
248,Anand Rajan,1.25,0.46296296296296297,1.0,2.125,Right-arm medium,India,188,162,2.25,8,7.62962962962963
249,SS Mundhe,1.0,0.7142857142857143,0.0,1.0,Right-arm medium,India,5,7,1.0,1,5.142857142857142
250,MN Samuels,0.9090909090909091,0.3881278538812785,1.0909090909090908,2.090909090909091,Right-arm offbreak,West Indies,278,219,0.6363636363636364,11,7.808219178082192
251,KK Cooper,1.44,0.3883333333333333,0.92,2.36,Right-arm medium,West Indies,725,600,2.56,25,7.89
252,AA Chavan,0.6153846153846154,0.4588235294117647,1.2307692307692308,2.1538461538461537,Slow left-arm orthodox,India,318,255,1.6153846153846154,13,7.976470588235294
253,DAJ Bracewell,3.0,0.44,2.0,2.0,Right-arm fast-medium,New Zealand,31,25,1.0,1,7.68
254,Ankit Sharma,0.5714285714285714,0.392,0.8571428571428571,1.3333333333333333,Slow left-arm orthodox,India,436,375,0.8095238095238095,21,7.247999999999999
255,TP Sudhindra,0.3333333333333333,0.2972972972972973,3.0,3.0,Right-arm fast,India,132,74,1.6666666666666667,3,11.108108108108109
256,RN ten Doeschate,0.3,0.3253012048192771,0.3,0.4,Right-arm medium-fast,Netherlands,88,83,0.6,10,6.795180722891567
257,GB Hogg,1.1904761904761905,0.3798283261802575,1.0,1.9047619047619047,Slow left-arm chinaman,Australia,552,466,1.5714285714285714,21,7.532188841201716
258,P Awana,1.303030303030303,0.4289405684754522,1.0606060606060606,3.242424242424242,Right-arm medium,India,1000,774,1.393939393939394,33,8.108527131782946
259,V Pratap Singh,1.3333333333333333,0.3886255924170616,1.1111111111111112,3.4444444444444446,Right-arm medium,India,289,211,1.2222222222222223,9,8.530805687203792
260,CJ McKay,0.5,0.3333333333333333,0.5,4.0,Right-arm fast-medium,Australia,60,42,0.0,2,8.571428571428571
261,Azhar Mahmood,1.3478260869565217,0.3967391304347826,0.782608695652174,3.1739130434782608,Right-arm fast-medium,Pakistan,681,552,1.1304347826086956,23,7.684782608695652
262,A Ashish Reddy,0.95,0.3296296296296296,1.0,1.3,Right-arm medium,India,386,270,0.7,20,8.88888888888889
263,RJ Peterson,0.75,0.4375,1.25,1.25,Slow left-arm orthodox,South Africa,70,48,0.0,4,8.75
264,MJ Clarke,0.6,0.36363636363636365,0.4,0.8,Slow left-arm orthodox,Australia,67,66,1.0,5,6.545454545454545
265,AA Jhunjhunwala,0.1,0.3522727272727273,0.5,1.0,Right-arm offbreak,India,126,88,0.4,10,8.863636363636363
266,BW Hilfenhaus,1.3529411764705883,0.5128205128205128,1.2352941176470589,2.823529411764706,Right-arm fast-medium,Australia,461,390,2.1176470588235294,17,7.646153846153846
267,M de Lange,1.2,0.41379310344827586,0.8,4.2,Right-arm fast,South Africa,157,116,2.8,5,8.844827586206897
268,A Chandila,0.9166666666666666,0.44871794871794873,0.8333333333333334,1.4166666666666667,Right-arm offbreak,India,242,234,0.25,12,6.282051282051283
269,AD Russell,1.0,0.3775280898876405,0.9591836734693877,2.5714285714285716,Right-arm fast,West Indies,1230,890,1.3061224489795917,49,8.723595505617977
270,R Shukla,1.0,0.4076923076923077,1.2857142857142858,3.0,Right-arm medium,India,198,130,2.7142857142857144,7,10.015384615384615
271,B Laughlin,1.1111111111111112,0.2569832402234637,1.1111111111111112,2.888888888888889,Right-arm fast-medium,Australia,280,179,1.4444444444444444,9,9.82122905027933
272,GH Vihari,0.2,0.5135135135135135,0.2,0.8,Right-arm offbreak,India,37,37,0.4,5,6.324324324324324
273,AJ Finch,0.2,0.3181818181818182,0.8,0.8,Slow left-arm orthodox,Australia,66,44,0.2,5,9.136363636363637
274,R Rampaul,1.4166666666666667,0.5251798561151079,1.1666666666666667,2.0833333333333335,Right-arm fast-medium,West Indies,299,278,1.6666666666666667,12,6.884892086330935
275,SMSM Senanayake,1.125,0.4,0.625,2.125,Right-arm offbreak,Sri Lanka,206,195,0.625,8,6.492307692307692
276,LJ Wright,0.3333333333333333,0.25333333333333335,1.5,0.8333333333333334,Right-arm medium-fast,England,120,75,0.8333333333333334,6,10.0
277,JO Holder,0.7272727272727273,0.41228070175438597,1.0,2.6363636363636362,Right-arm medium-fast,West Indies,294,228,1.7272727272727273,11,8.236842105263158
278,KW Richardson,1.4285714285714286,0.4263803680981595,1.6428571428571428,2.5,Right-arm fast-medium,Australia,431,326,1.3571428571428572,14,8.282208588957054
279,DJG Sammy,0.7368421052631579,0.3360655737704918,0.631578947368421,1.736842105263158,Right-arm medium-fast,West Indies,341,244,0.6842105263157895,19,8.704918032786885
280,BMAJ Mendis,0.5,0.36666666666666664,1.0,1.0,Legbreak,Sri Lanka,36,30,0.0,2,7.199999999999999
281,P Suyal,0.4,0.4485981308411215,1.0,3.2,Left-arm medium,India,140,107,2.8,5,8.635514018691588
282,CL White,0.16666666666666666,0.2608695652173913,1.0,0.8333333333333334,Legbreak googly,Australia,81,46,0.8333333333333334,6,11.217391304347826
283,Parvez Rasool,0.36363636363636365,0.32,1.0,2.0,Right-arm offbreak,India,268,200,0.45454545454545453,11,8.19
284,IC Pandey,0.7916666666666666,0.488272921108742,0.7083333333333334,3.2083333333333335,Right-arm medium,India,584,469,1.0416666666666667,24,7.791044776119403
285,PV Tambe,0.8484848484848485,0.3397626112759644,0.8484848484848485,1.9393939393939394,Legbreak,India,834,674,0.9696969696969697,33,7.70919881305638
286,R Dhawan,0.8,0.3567251461988304,0.64,2.04,Right-arm medium-fast,India,606,513,1.96,25,7.660818713450293
287,AC Gilchrist,1.0,1.0,0.0,0.0,Right-arm offbreak,Australia,0,1,0.0,1,0.0
288,MA Starc,1.5,0.46895424836601307,0.3076923076923077,2.9615384615384617,Left-arm fast,Australia,656,612,2.6538461538461537,26,7.107843137254902
289,JDS Neesham,0.25,0.3333333333333333,1.0,2.25,Right-arm medium,New Zealand,88,57,2.0,4,10.105263157894736
290,Shivam Sharma,0.8,0.32456140350877194,2.0,1.8,Right-arm offbreak,India,165,114,0.0,5,8.68421052631579
291,LMP Simmons,1.0,0.1111111111111111,2.0,2.0,Right-arm medium-fast,West Indies,34,18,0.0,1,11.333333333333332
292,K Santokie,1.5,0.37254901960784315,3.0,3.0,Left-arm medium,West Indies,87,51,2.0,2,10.705882352941178
293,S Gopal,1.1875,0.33881578947368424,1.375,1.125,Legbreak,India,392,304,0.4375,16,7.875
294,BE Hendricks,1.5714285714285714,0.3885350318471338,1.0,3.4285714285714284,Left-arm fast-medium,South Africa,224,157,2.142857142857143,7,9.13375796178344
295,JW Hastings,1.0,0.5573770491803278,0.0,3.6666666666666665,Right-arm fast-medium,Australia,63,61,1.0,3,6.491803278688526
296,Karanveer Singh,1.5555555555555556,0.352112676056338,2.111111111111111,2.111111111111111,Legbreak googly,India,312,213,1.2222222222222223,9,9.098591549295774
297,DJ Muthuswami,0.6666666666666666,0.5595238095238095,0.5,2.3333333333333335,Right-arm medium,India,101,84,1.1666666666666667,6,7.714285714285715
298,J Suchith,0.7692307692307693,0.308300395256917,1.1538461538461537,2.1538461538461537,Slow left-arm orthodox,India,359,253,0.7692307692307693,13,8.75098814229249
299,RG More,0.5,0.1891891891891892,0.5,2.5,Right-arm medium,India,57,37,3.0,2,10.216216216216216
300,D Wiese,1.2142857142857142,0.3217993079584775,0.6428571428571429,3.142857142857143,Right-arm medium-fast,South Africa,390,289,1.3571428571428572,14,8.491349480968857
301,Gurkeerat Singh,0.8333333333333334,0.36585365853658536,0.5,1.0,Right-arm offbreak,India,93,82,0.6666666666666666,6,7.097560975609756
302,J Yadav,0.4,0.4098360655737705,0.5,1.6,Right-arm offbreak,India,193,183,0.4,10,6.4590163934426235
303,GS Sandhu,0.5,0.20833333333333334,1.0,4.0,Right-arm fast-medium,Australia,82,48,2.0,2,10.75
304,M Ashwin,0.8333333333333334,0.37104072398190047,1.1666666666666667,1.6666666666666667,Legbreak googly,India,288,221,1.25,12,8.226244343891402
305,P Sahu,0.6,0.27102803738317754,1.0,2.2,Legbreak googly,India,144,107,1.6,5,8.523364485981308
306,Mustafizur Rahman,1.1666666666666667,0.3821428571428571,0.9166666666666666,2.3333333333333335,Left-arm fast-medium,Bangladesh,676,560,0.875,24,7.467857142857143
307,KJ Abbott,0.4,0.3431372549019608,0.8,4.8,Right-arm fast-medium,South Africa,170,102,2.4,5,10.705882352941178
308,BB Sran,0.9090909090909091,0.37474541751527496,1.2272727272727273,2.9545454545454546,Left-arm medium,India,686,491,2.1818181818181817,22,8.969450101832994
309,T Shamsi,0.75,0.3125,1.75,3.25,Slow left-arm chinaman,South Africa,147,96,1.0,4,9.4375
310,S Kaushik,0.6,0.37142857142857144,1.4,2.5,Slow left-arm chinaman,India,291,210,1.3,10,8.685714285714285
311,SM Boland,1.5,0.37209302325581395,0.5,3.0,Right-arm fast-medium,Australia,53,43,1.5,2,7.813953488372094
312,Sachin Baby,1.5,0.5,0.0,0.5,Right-arm offbreak,India,8,10,0.0,2,4.800000000000001
313,N Rana,0.6666666666666666,0.45454545454545453,0.16666666666666666,1.0,Right-arm offbreak,India,47,44,0.16666666666666666,6,6.545454545454545
314,V Shankar,0.2,0.225,1.0,1.2,Right-arm medium,India,77,40,0.8,5,12.149999999999999
